{"cameraMode":{"drawMode":0,"name":"Shaded","section":"Shading Mode"},"sceneLighting":true,"audioPlay":false,"sceneViewState":{"m_AlwaysRefresh":false,"showFog":true,"showSkybox":true,"showFlares":true,"showImageEffects":true,"showParticleSystems":true,"showVisualEffectGraphs":true,"m_FxEnabled":true},"in2DMode":false,"pivot":{"x":1072.1749267578125,"y":520.7039184570313,"z":-1115.9595947265625},"rotation":{"x":-0.02989252470433712,"y":-0.08006159216165543,"z":-0.0024073782842606308,"w":0.9964438080787659},"size":23.07859992980957,"orthographic":false}