{"cameraMode":{"drawMode":0,"name":"Shaded","section":"Shading Mode"},"sceneLighting":true,"audioPlay":false,"sceneViewState":{"m_AlwaysRefresh":false,"showFog":true,"showSkybox":true,"showFlares":true,"showImageEffects":true,"showParticleSystems":true,"showVisualEffectGraphs":true,"m_FxEnabled":true},"in2DMode":false,"pivot":{"x":159.9540252685547,"y":385.6011657714844,"z":-569.8941650390625},"rotation":{"x":-0.052427444607019427,"y":0.04736129567027092,"z":-0.0025182850658893587,"w":-0.997533917427063},"size":33.65508270263672,"orthographic":false}