{"cameraMode":{"drawMode":0,"name":"Shaded","section":"Shading Mode"},"sceneLighting":true,"audioPlay":false,"sceneViewState":{"m_AlwaysRefresh":false,"showFog":true,"showSkybox":true,"showFlares":true,"showImageEffects":true,"showParticleSystems":true,"showVisualEffectGraphs":true,"m_FxEnabled":true},"in2DMode":false,"pivot":{"x":-10.821588516235352,"y":-1.3948078155517579,"z":33.78996276855469},"rotation":{"x":-0.04731558635830879,"y":0.16804781556129456,"z":-0.008066133596003056,"w":-0.9847581386566162},"size":16.770509719848634,"orthographic":false}