{"cameraMode":{"drawMode":0,"name":"Shaded","section":"Shading Mode"},"sceneLighting":true,"audioPlay":false,"sceneViewState":{"m_AlwaysRefresh":false,"showFog":true,"showSkybox":true,"showFlares":true,"showImageEffects":true,"showParticleSystems":true,"showVisualEffectGraphs":true,"m_FxEnabled":true},"in2DMode":false,"pivot":{"x":-1.6957476139068604,"y":2.512817621231079,"z":0.7717621326446533},"rotation":{"x":0.2933602035045624,"y":0.06981228291988373,"z":-0.021407142281532289,"w":0.9533665180206299},"size":1.8247449398040772,"orthographic":false}